segment,from,to,speaker,text,,
1,0:00:00,0:00:04,主持人,好 我們感謝今天所有媒體的到來,,
2,0:00:04,0:00:09,主持人,我們今天要發表的是大家非常關切的住宅政策,,
3,0:00:09,0:00:12,主持人,那我們首先介紹今天來參與我們這記者會的來賓,,
4,0:00:12,0:00:17,主持人,那當然就是大家非常熟悉的我們中國國民黨的總統參選人,,
5,0:00:17,0:00:18,主持人,侯友宜 侯市長,,
6,0:00:18,0:00:22,主持人,那第二位是我們政治大學 地政系,,
7,0:00:22,0:00:25,主持人,同時也是建築師的孫政義 孫教授,,
8,0:00:25,0:00:30,主持人,好 那中時我用一點點時間幫大家來做一些背景的介紹,,
9,0:00:30,0:00:33,主持人,我想安居樂業絕是大家非常關切的,,
10,0:00:33,0:00:37,主持人,然後如何讓大家住得好 如何讓大家正是老有所終,,
11,0:00:37,0:00:43,主持人,我想這是所有候選人當中都必須要提出來的一個重大的政策,,
12,0:00:43,0:00:47,主持人,那我們可以看得出來 來我們看下一頁,,
13,0:00:47,0:00:51,主持人,我們可以看得出來社會住宅是所有總統候選人都會特別提到的,,
14,0:00:51,0:00:53,主持人,但是你看看所有的數據,,
15,0:00:53,0:00:58,主持人,從過去到現在到是112年9月底真正完工的,,
16,0:00:58,0:01:01,主持人,社會住宅只有2萬1000多戶,,
17,0:01:01,0:01:06,主持人,而且加上現存的6000多戶也不過才2萬8000戶,,
18,0:01:06,0:01:07,主持人,這是數據,,
19,0:01:07,0:01:11,主持人,如果加上哈不當當你過去可能所提出來的未來,,
20,0:01:11,0:01:15,主持人,有機會完成的12萬住宅好了,,
21,0:01:15,0:01:16,主持人,可能規劃了10萬住宅,,
22,0:01:16,0:01:20,主持人,各位 只佔所有住宅總數的3%而已,,
23,0:01:20,0:01:24,主持人,這距離我們國際標準5%其實還有一大段的距離,,
24,0:01:24,0:01:27,主持人,那為什麼會產生這樣子的一個數字這麼低,,
25,0:01:27,0:01:29,主持人,當然政府的效能不夠,,
26,0:01:29,0:01:32,主持人,還有很多的營建商 自商,,
27,0:01:32,0:01:35,主持人,他們自己所謂的這個動機也不夠,,
28,0:01:35,0:01:37,主持人,所以你會發現新進的能量不足,,
29,0:01:37,0:01:43,主持人,所以沒有辦法促成有效的民間來投入所謂的一個新辦的這樣一個政策,,
30,0:01:43,0:01:45,主持人,而且目前很多人都把這個住宅,,
31,0:01:45,0:01:48,主持人,他們都是認為是自償性很高,,
32,0:01:48,0:01:51,主持人,所以社會住宅的租金是相當貴的,,
33,0:01:51,0:01:53,主持人,而且價價相當因為不夠排不到,,
34,0:01:53,0:01:57,主持人,所以很多人住到三年到六年之後也就被迫就要遷移,,
35,0:01:57,0:01:59,主持人,那遷移完之後 六年完過去之後,,
36,0:01:59,0:02:03,主持人,還是得面對非常高額的所謂的房價租金,,
37,0:02:03,0:02:06,主持人,所以這個部分裡面只能是短暫流動性非常高,,
38,0:02:06,0:02:08,主持人,這是一個非常大的問題,,
39,0:02:08,0:02:09,主持人,那第二個我們來看一下,,
40,0:02:09,0:02:12,主持人,買不起 我想在座每個人都有這種感覺,,
41,0:02:12,0:02:16,主持人,我們全國房價上漲到目前為止已經上漲了30%,,
42,0:02:16,0:02:18,主持人,那當然跟房屋的炒作有關,,
43,0:02:18,0:02:22,主持人,目前大家都把這個房屋當作是金融商品來看待,,
44,0:02:22,0:02:26,主持人,把它當作是一種投資 不僅僅是自住,,
45,0:02:26,0:02:29,主持人,所以你可以看到我們目前到110年的Q1,,
46,0:02:29,0:02:31,主持人,我們的負擔率大概是41.19,,
47,0:02:31,0:02:36,主持人,幾乎你把全部的薪水有一半都是放在繳貸款,,
48,0:02:36,0:02:38,主持人,所以說政府的抑制的房價效果不高,,
49,0:02:38,0:02:41,主持人,而且我們的囤房稅的稅金又偏低,,
50,0:02:41,0:02:44,主持人,所以就是目前造成我們房價居高不下,,
51,0:02:44,0:02:46,主持人,大家都買不起房子,,
52,0:02:46,0:02:47,主持人,那再來看看下面一個,,
53,0:02:47,0:02:50,主持人,你會看看老屋住得不安心,,
54,0:02:50,0:02:51,主持人,到目前為止,,
55,0:02:51,0:02:53,主持人,這個我們台灣所有的住宅,,
56,0:02:53,0:02:56,主持人,大概都已經有一半是超過30年的,,
57,0:02:56,0:03:00,主持人,更不要說我們民國70到80年代住的海砂屋,,
58,0:03:00,0:03:02,主持人,還有921地震之後,,
59,0:03:02,0:03:05,主持人,我們所關切的這個所謂的避震的係數,,
60,0:03:05,0:03:07,主持人,這些都是過去我們沒有想到,,
61,0:03:07,0:03:09,主持人,正現在問題一一出現了,,
62,0:03:09,0:03:12,主持人,所以你會看到老屋沒有辦法滿足現在的生活,,
63,0:03:12,0:03:15,主持人,那當然就是容積的這樣子的管控的管理,,
64,0:03:15,0:03:17,主持人,勢必要面臨極度的一個修法,,
65,0:03:17,0:03:20,主持人,否則沒有辦法面對現在的需求,,
66,0:03:20,0:03:22,主持人,那目前為止大家都非常關切的,,
67,0:03:22,0:03:25,主持人,老屋當然就是缺乏電梯跟無障礙設施,,
68,0:03:25,0:03:27,主持人,但我們在114年的時候,,
69,0:03:27,0:03:29,主持人,就會面臨超超高齡的一個社會,,
70,0:03:29,0:03:31,主持人,全國有20%是老人,,
71,0:03:31,0:03:34,主持人,如果沒有辦法給予他們有電梯的住宅,,
72,0:03:34,0:03:35,主持人,這些老人根本就是關在樓上,,
73,0:03:35,0:03:37,主持人,像是在住監獄一樣,,
74,0:03:37,0:03:38,主持人,沒有辦法自行下樓,,
75,0:03:38,0:03:41,主持人,那更不要說我們我剛剛所提到的耐震,,
76,0:03:41,0:03:43,主持人,消防跟公共安全設置,,
77,0:03:43,0:03:46,主持人,還有地震災害極端氣候所在存的影響,,
78,0:03:46,0:03:48,主持人,那還有呢所有的這個軌道,,
79,0:03:48,0:03:49,主持人,我們在這個規劃裡面,,
80,0:03:49,0:03:51,主持人,其實跟我們整個都市發展,,
81,0:03:51,0:03:52,主持人,都是完全脫鉤的,,
82,0:03:52,0:03:55,主持人,所以你可以看到的這個只要捷運,,
83,0:03:55,0:03:56,主持人,到過去的旁邊,,
84,0:03:56,0:03:58,主持人,住宅都飛漲 更買不起,,
85,0:03:58,0:04:00,主持人,但是呢整個的發展裡面,,
86,0:04:00,0:04:02,主持人,你還是沒有辦法帶動,,
87,0:04:02,0:04:04,主持人,老屋的這樣子的一個更新,,
88,0:04:04,0:04:07,主持人,這三個的問題我想都是存在已久,,
89,0:04:07,0:04:09,主持人,但是呢我們可以以小窺大,,
90,0:04:09,0:04:11,主持人,今天我們所提出來的政策呢,,
91,0:04:11,0:04:12,主持人,當然是有所本,,
92,0:04:12,0:04:13,主持人,而且是從我們新北市開始,,
93,0:04:13,0:04:16,主持人,從新北市這麼樣的一個,,
94,0:04:16,0:04:17,主持人,地方的一個建設,,
95,0:04:17,0:04:19,主持人,它真的是可以突破這樣困難,,
96,0:04:19,0:04:20,主持人,那我們先來看看新北,,
97,0:04:20,0:04:21,主持人,怎麼樣來做,,
98,0:04:21,0:04:23,主持人,那更重要的是,,
99,0:04:23,0:04:24,主持人,如何拓展到我們全國,,
100,0:04:24,0:04:26,主持人,可以變成是一個大家,,
101,0:04:26,0:04:28,主持人,社宅可以排得到,,
102,0:04:28,0:04:29,主持人,老屋可以翻新,,
103,0:04:29,0:04:30,主持人,那最重要是房屋,,
104,0:04:30,0:04:31,主持人,大家買得起,,
105,0:04:31,0:04:33,主持人,那我們接下來就請我們的,,
106,0:04:33,0:04:34,主持人,新北市長 侯市長,,
107,0:04:34,0:04:36,主持人,來幫我們做一一的解釋,,
108,0:04:36,0:04:38,侯友宜,今天非常謝謝柯教授,,
109,0:04:38,0:04:39,侯友宜,幫我引個言,,
110,0:04:39,0:04:42,侯友宜,把整個住宅的整個,,
111,0:04:42,0:04:44,侯友宜,面臨的現階段的挑戰,,
112,0:04:44,0:04:47,侯友宜,逐一的給大家做一個說明,,
113,0:04:47,0:04:48,侯友宜,其實我在新北市,,其實我在新北市，不管當副市長 當市長，尤其對整個，大家看得到，但是卻買不到的住宅，以及年輕人的居住正義，甚至包括我們很多的社福團體，需要更多的照顧，所以一個住宅政策，絕對不是一個單一方面，和這個房子的相關的連結問題，那新北的經驗告訴我，第一個，我們社會住宅，一定要是多元性的，所以我們住宅的整個政策，是多元措施，第一個有的是自己蓋的，第二個公有地，都更分為來，還有市地重劃，那也有區段增縮，更有容積獎勵，至於多元的社福，跟都市計劃整體開發，就是希望能夠增加，社會住宅的存量
114,0:04:48,0:04:51,侯友宜,不管當副市長 當市長,,
115,0:04:51,0:04:53,侯友宜,尤其對整個,,
116,0:04:53,0:04:54,侯友宜,大家看得到,,
117,0:04:54,0:04:57,侯友宜,但是卻買不到的住宅,,
118,0:04:57,0:05:01,侯友宜,以及年輕人的居住正義,,
119,0:05:01,0:05:05,侯友宜,甚至包括我們很多的社福團體,,
120,0:05:05,0:05:07,侯友宜,需要更多的照顧,,
121,0:05:07,0:05:08,侯友宜,所以一個住宅政策,,
122,0:05:08,0:05:10,侯友宜,絕對不是一個單一方面,,
123,0:05:10,0:05:14,侯友宜,和這個房子的相關的連結問題,,
124,0:05:14,0:05:15,侯友宜,那新北的經驗告訴我,,
125,0:05:15,0:05:16,侯友宜,第一個,,
126,0:05:16,0:05:18,侯友宜,我們社會住宅,,
127,0:05:18,0:05:19,侯友宜,一定要是多元性的,,
128,0:05:19,0:05:22,侯友宜,所以我們住宅的整個政策,,
129,0:05:22,0:05:24,侯友宜,是多元措施,,
130,0:05:24,0:05:25,侯友宜,第一個有的是自己蓋的,,
131,0:05:25,0:05:27,侯友宜,第二個公有地,,
132,0:05:27,0:05:29,侯友宜,都更分為來,,
133,0:05:29,0:05:30,侯友宜,還有市地重劃,,
134,0:05:30,0:05:32,侯友宜,那也有區段增縮,,
135,0:05:32,0:05:34,侯友宜,更有容積獎勵,,
136,0:05:34,0:05:35,侯友宜,至於多元的社福,,
137,0:05:35,0:05:38,侯友宜,跟都市計劃整體開發,,
138,0:05:38,0:05:40,侯友宜,就是希望能夠增加,,
139,0:05:40,0:05:42,侯友宜,社會住宅的存量,,
140,0:05:42,0:05:45,侯友宜,那社會住宅的這些存量裡面,,社會住宅的存量，那社會住宅的這些存量裡面，到新北市，到今年底，會完工1.2萬戶，未來我已經規劃好，像我們的文宅郡，以及如蘭如北，這些大面積的適地重劃，後是其他地方的都市更新，我已經算好了，未來我會達到4.5萬戶，所以其實在蓋社會住宅，要用多元的方式
141,0:05:45,0:05:46,侯友宜,到新北市,,
142,0:05:46,0:05:48,侯友宜,到今年底,,
143,0:05:48,0:05:52,侯友宜,會完工1.2萬戶,,
144,0:05:52,0:05:53,侯友宜,未來我已經規劃好,,
145,0:05:53,0:05:55,侯友宜,像我們的文宅郡,,
146,0:05:55,0:05:57,侯友宜,以及如蘭如北,,
147,0:05:57,0:05:59,侯友宜,這些大面積的適地重劃,,
148,0:05:59,0:06:02,侯友宜,後是其他地方的都市更新,,
149,0:06:02,0:06:02,侯友宜,我已經算好了,,
150,0:06:02,0:06:05,侯友宜,未來我會達到4.5萬戶,,
151,0:06:05,0:06:09,侯友宜,所以其實在蓋社會住宅,,
152,0:06:09,0:06:11,侯友宜,要用多元的方式,,
153,0:06:11,0:06:12,侯友宜,而且是有順序有步驟,,
154,0:06:12,0:06:14,侯友宜,很清楚的把脈絡,,
155,0:06:14,0:06:17,侯友宜,把脈絡過化的非常的清楚,,
156,0:06:17,0:06:20,侯友宜,除了整個多元措施以外,,
157,0:06:20,0:06:22,侯友宜,在下一張裡面我們可以看到,,
158,0:06:22,0:06:24,侯友宜,新北市在都市更新,,
159,0:06:24,0:06:26,侯友宜,我當市長任內,,
160,0:06:26,0:06:28,侯友宜,短短這四年多來,,
161,0:06:28,0:06:31,侯友宜,到今年的9月底,,
162,0:06:31,0:06:33,侯友宜,我們都更在推動,,
163,0:06:33,0:06:38,侯友宜,已經核准了888件,,
164,0:06:38,0:06:40,侯友宜,這888件,,
165,0:06:40,0:06:42,侯友宜,在侯友宜任內裡面,,
166,0:06:42,0:06:44,侯友宜,是核准的737案,,
167,0:06:44,0:06:47,侯友宜,是過去的4.9倍,,
168,0:06:47,0:06:49,侯友宜,等於過去所有的總和,,
169,0:06:49,0:06:52,侯友宜,都沒有我在當市長任內裡面,,
170,0:06:52,0:06:54,侯友宜,推多元都更,,
171,0:06:54,0:06:57,侯友宜,我們是總和將近過去的5倍,,
172,0:06:57,0:06:59,侯友宜,所以透過多元都更的方式,,
173,0:06:59,0:07:03,侯友宜,滿足了很多的拖老拖幼,,
174,0:07:03,0:07:04,侯友宜,還有社會住宅,,
175,0:07:04,0:07:07,侯友宜,可以還有打造一個無障礙的人本,,
176,0:07:07,0:07:08,侯友宜,友善的一個環境,,
177,0:07:08,0:07:09,侯友宜,各位可以看到,,
178,0:07:09,0:07:11,侯友宜,我們現在的日照中心,,
179,0:07:11,0:07:13,侯友宜,以及托嬰中心,,
180,0:07:13,0:07:15,侯友宜,幼兒園,,
181,0:07:15,0:07:18,侯友宜,都是我們的社會住宅,,
182,0:07:18,0:07:20,侯友宜,當時候公益回饋出來的,,
183,0:07:20,0:07:23,侯友宜,所以其實為什麼新北市的公托,,
184,0:07:23,0:07:26,侯友宜,能夠一都比五都都還多,,
185,0:07:26,0:07:30,侯友宜,也就是利用都市更新的過程當中,,
186,0:07:30,0:07:33,侯友宜,能夠拿回我們的公益回饋,,
187,0:07:33,0:07:35,侯友宜,而新北經驗,,
188,0:07:35,0:07:36,侯友宜,都市更新做得多,,
189,0:07:36,0:07:38,侯友宜,社會住宅做得多,,
190,0:07:38,0:07:39,侯友宜,當然,,
191,0:07:39,0:07:42,侯友宜,以新北的經驗來換大到全國,,
192,0:07:42,0:07:46,侯友宜,我們面臨剛剛柯教授所提的這幾個問題,,
193,0:07:46,0:07:48,侯友宜,我們到底要怎麼做,,
194,0:07:48,0:07:49,侯友宜,我們第一個,,
195,0:07:49,0:07:50,侯友宜,我特別主張,,
196,0:07:50,0:07:53,侯友宜,用公宅的多元措施裡面,,
197,0:07:53,0:07:55,侯友宜,提出了六項措施,,
198,0:07:55,0:07:57,侯友宜,這六項措施我逐一逐一的,,
199,0:07:57,0:07:59,侯友宜,給大家做一個報告,,
200,0:07:59,0:08:00,侯友宜,第一個,,
201,0:08:00,0:08:01,侯友宜,好,,
202,0:08:01,0:08:03,侯友宜,我們的目標,,
203,0:08:03,0:08:05,侯友宜,我們的居住正義,,
204,0:08:05,0:08:07,侯友宜,120萬戶,,
205,0:08:07,0:08:09,侯友宜,這是我們的目標,,120萬戶，這是我們的目標，這120萬戶要透過什麼樣的途徑能夠實現，我們希望能夠透過租屋市場的改革，讓誠實申報，提升包租代管跟租金補貼的成效，因為你只要租屋市場透明化，很多的房東，在整個租稅平衡底下就會把它釋出來，那我們希望透過這樣子來提高成效
206,0:08:09,0:08:13,侯友宜,這120萬戶要透過什麼樣的途徑能夠實現,,
207,0:08:13,0:08:17,侯友宜,我們希望能夠透過租屋市場的改革,,
208,0:08:17,0:08:19,侯友宜,讓誠實申報,,
209,0:08:19,0:08:23,侯友宜,提升包租代管跟租金補貼的成效,,
210,0:08:23,0:08:26,侯友宜,因為你只要租屋市場透明化,,
211,0:08:26,0:08:27,侯友宜,很多的房東,,
212,0:08:27,0:08:31,侯友宜,在整個租稅平衡底下就會把它釋出來,,
213,0:08:31,0:08:34,侯友宜,那我們希望透過這樣子來提高成效,,
214,0:08:34,0:08:34,侯友宜,第二個,,
215,0:08:34,0:08:36,侯友宜,鼓勵民間投入,,
216,0:08:36,0:08:38,侯友宜,興建社會住宅,,
217,0:08:38,0:08:42,侯友宜,而且政府在開發社會住宅的過程當中,,
218,0:08:42,0:08:44,侯友宜,要用多元化,,
219,0:08:44,0:08:48,侯友宜,比如說我上次談過的企業的勞工宅,,
220,0:08:48,0:08:50,侯友宜,我們的企業的勞工宅,,
221,0:08:50,0:08:51,侯友宜,比如說企業的勞工宅,,
222,0:08:51,0:08:54,侯友宜,像內湖科學園區,,
223,0:08:54,0:08:56,侯友宜,那這裡面如果能蓋勞工宅,,
224,0:08:56,0:08:59,侯友宜,大家可以就近在自己的公司,,
225,0:08:59,0:09:01,侯友宜,周遭工業區裡面,,
226,0:09:01,0:09:04,侯友宜,蓋這個工業宅,,
227,0:09:04,0:09:05,侯友宜,蓋我們的勞工宅,,
228,0:09:05,0:09:08,侯友宜,那大家就會就近上班也就不用塞車了,,
229,0:09:08,0:09:11,侯友宜,所以其實大家想,,
230,0:09:11,0:09:12,侯友宜,企業可以蓋勞工宅,,
231,0:09:12,0:09:14,侯友宜,其實可以解決很多的問題,,
232,0:09:14,0:09:17,侯友宜,還有多元銀髮住宅,,
233,0:09:17,0:09:18,侯友宜,我們的照顧的社區裡面,,
234,0:09:18,0:09:20,侯友宜,如何用多元銀髮的住宅,,
235,0:09:20,0:09:22,侯友宜,照顧更多的長輩,,
236,0:09:22,0:09:25,侯友宜,以及工地地上權的住宅,,
237,0:09:25,0:09:28,侯友宜,我們要推工地地上權的住宅,,
238,0:09:28,0:09:29,侯友宜,這樣子我們有算算的,,
239,0:09:29,0:09:30,侯友宜,我們給它加一加,,
240,0:09:30,0:09:35,侯友宜,我們大概可以推出120萬戶,,
241,0:09:35,0:09:37,侯友宜,我們推出來大概會有120萬戶,,
242,0:09:37,0:09:39,侯友宜,我都很精準的把它算出來,,
243,0:09:39,0:09:40,侯友宜,等一下詳細的要問,,
244,0:09:40,0:09:43,侯友宜,我會給大家注意來做一個報告,,
245,0:09:43,0:09:43,侯友宜,第二個,,那我們希望透過這樣子來提高成效，第二個，鼓勵民間投入，興建社會住宅，而且政府在開發社會住宅的過程當中，要用多元化，比如說我上次談過的企業的勞工宅，我們的企業的勞工宅，比如說企業的勞工宅，像內湖科學園區，那這裡面如果能蓋勞工宅，大家可以就近在自己的公司，周遭工業區裡面，蓋這個工業宅，蓋我們的勞工宅，那大家就會就近上班也就不用塞車了，所以其實大家想，企業可以蓋勞工宅，其實可以解決很多的問題，還有多元銀髮住宅，我們的照顧的社區裡面，如何用多元銀髮的住宅，照顧更多的長輩，以及工地地上權的住宅，我們要推工地地上權的住宅，這樣子我們有算算的，我們給它加一加，我們大概可以推出120萬戶，我們推出來大概會有120萬戶，我都很精準的把它算出來，等一下詳細的要問，我會給大家注意來做一個報告，第二個，推動社會住宅要有誘因，我們要獎勵民間投入社會住宅，引導市場民間團體跟醫療機構，可以投入，這當中最主要的就是容積獎勵，你沒有容積獎勵，結合跨街廓的容積調派措施，促進都更分回社宅，我們的容積獎勵，其實已經在早期了，甚至很多的容積管制，因為受到容積管制的問題，所以很多容積獎勵，就會被受限，所以容積管制，這個我們要重新去做好調整，那容積獎勵，我們要大幅由在接扣，或是在整個TOD的觀念裡面，去好好推動這個方向，不論在這部分所以外，最重要開發的社會住宅，我們要用什麼方式，都市更新 市地重劃 區段增收，學校退場用地，軌道沿線的開發，還有劃定一定比例的社福用地，在開發的過程當中，或是地上權的住宅，這都是在我們開發過程當中，就要直接的，間接的介入，劃社福一定比例的用地，而且讓公有地參與開發，分回了社會住宅，分回了住宅也要把它納到社會住宅，你只要公有地參加，那我們分回來的部分，我們就要納到社會住宅裡面
246,0:09:43,0:09:46,侯友宜,推動社會住宅要有誘因,,
247,0:09:46,0:09:48,侯友宜,我們要獎勵民間投入社會住宅,,
248,0:09:48,0:09:51,侯友宜,引導市場民間團體跟醫療機構,,
249,0:09:51,0:09:52,侯友宜,可以投入,,
250,0:09:52,0:09:55,侯友宜,這當中最主要的就是容積獎勵,,
251,0:09:55,0:09:56,侯友宜,你沒有容積獎勵,,
252,0:09:56,0:10:00,侯友宜,結合跨街廓的容積調派措施,,
253,0:10:00,0:10:02,侯友宜,促進都更分回社宅,,
254,0:10:02,0:10:04,侯友宜,我們的容積獎勵,,
255,0:10:04,0:10:06,侯友宜,其實已經在早期了,,
256,0:10:06,0:10:08,侯友宜,甚至很多的容積管制,,
257,0:10:08,0:10:10,侯友宜,因為受到容積管制的問題,,
258,0:10:10,0:10:12,侯友宜,所以很多容積獎勵,,
259,0:10:12,0:10:13,侯友宜,就會被受限,,
260,0:10:13,0:10:14,侯友宜,所以容積管制,,
261,0:10:14,0:10:16,侯友宜,這個我們要重新去做好調整,,
262,0:10:16,0:10:18,侯友宜,那容積獎勵,,
263,0:10:18,0:10:19,侯友宜,我們要大幅由在接扣,,
264,0:10:19,0:10:23,侯友宜,或是在整個TOD的觀念裡面,,
265,0:10:23,0:10:25,侯友宜,去好好推動這個方向,,
266,0:10:25,0:10:28,侯友宜,不論在這部分所以外,,
267,0:10:28,0:10:31,侯友宜,最重要開發的社會住宅,,
268,0:10:31,0:10:32,侯友宜,我們要用什麼方式,,
269,0:10:32,0:10:35,侯友宜,都市更新 市地重劃 區段增收,,
270,0:10:35,0:10:37,侯友宜,學校退場用地,,
271,0:10:37,0:10:38,侯友宜,軌道沿線的開發,,
272,0:10:38,0:10:41,侯友宜,還有劃定一定比例的社福用地,,
273,0:10:41,0:10:43,侯友宜,在開發的過程當中,,
274,0:10:43,0:10:45,侯友宜,或是地上權的住宅,,
275,0:10:45,0:10:47,侯友宜,這都是在我們開發過程當中,,
276,0:10:47,0:10:49,侯友宜,就要直接的,,
277,0:10:49,0:10:50,侯友宜,間接的介入,,
278,0:10:50,0:10:53,侯友宜,劃社福一定比例的用地,,
279,0:10:53,0:10:56,侯友宜,而且讓公有地參與開發,,
280,0:10:56,0:10:58,侯友宜,分回了社會住宅,,
281,0:10:58,0:11:00,侯友宜,分回了住宅也要把它納到社會住宅,,
282,0:11:00,0:11:01,侯友宜,你只要公有地參加,,
283,0:11:01,0:11:03,侯友宜,那我們分回來的部分,,
284,0:11:03,0:11:05,侯友宜,我們就要納到社會住宅裡面,,
285,0:11:05,0:11:07,侯友宜,這是我提供的第三個,,
286,0:11:07,0:11:08,侯友宜,第四個企業的勞工宅,,像科技研究工業區勞工，來興建這個勞工宅，包括興建勞工宅裡面，一定要有托嬰中心 幼兒園，或是日照中心，那可以照顧企業的所謂的員工，讓企業的員工在我們公司的周遭，就可以上 如果可以照顧老的照顧小的，並給企業獎勵措施，來解決員工的需求，所以勞工宅，尤其對都會型態工業區的，來蓋勞工宅一定有很大的幫忙，甚至我們在其他的各縣市，也在產業園區裡面，在科學園區裡面都可以蓋勞工宅
287,0:11:08,0:11:10,侯友宜,我剛剛講很清楚,,
288,0:11:10,0:11:13,侯友宜,這個部分其實我們要大力的推動,,
289,0:11:13,0:11:15,侯友宜,像科技研究工業區勞工,,
290,0:11:15,0:11:17,侯友宜,來興建這個勞工宅,,
291,0:11:17,0:11:19,侯友宜,包括興建勞工宅裡面,,
292,0:11:19,0:11:22,侯友宜,一定要有托嬰中心 幼兒園,,
293,0:11:22,0:11:23,侯友宜,或是日照中心,,
294,0:11:23,0:11:26,侯友宜,那可以照顧企業的所謂的員工,,
295,0:11:26,0:11:30,侯友宜,讓企業的員工在我們公司的周遭,,
296,0:11:30,0:11:33,侯友宜,就可以上 如果可以照顧老的照顧小的,,
297,0:11:33,0:11:35,侯友宜,並給企業獎勵措施,,
298,0:11:35,0:11:37,侯友宜,來解決員工的需求,,
299,0:11:37,0:11:39,侯友宜,所以勞工宅,,
300,0:11:39,0:11:41,侯友宜,尤其對都會型態工業區的,,
301,0:11:41,0:11:44,侯友宜,來蓋勞工宅一定有很大的幫忙,,
302,0:11:44,0:11:46,侯友宜,甚至我們在其他的各縣市,,
303,0:11:46,0:11:48,侯友宜,也在產業園區裡面,,
304,0:11:48,0:11:51,侯友宜,在科學園區裡面都可以蓋勞工宅,,
305,0:11:51,0:11:55,侯友宜,不然這樣子引發的多元性的推動制裁,,
306,0:11:55,0:11:57,侯友宜,因為長輩們,,不然這樣子引發的多元性的推動制裁，因為長輩們，因為電梯的問題，還有很多都市更新的速度太慢，所以如何去推動退休照顧社區，熟齡社區跟樂齡住宅，那用經濟可負擔的下，滿足多元的住房 多元的基礎需求，這當中要結合醫療機構，市場民間資源建立高齡友善的示範基地，像新北市，在我們的三重，要推這個，銀髮這個生活圈，一樣的，我們現在就在等審定以後，我們新北市就仿造新加坡，蓋一個多元性的銀髮住宅，那銀髮住宅裡面，在下面有商業區，也有運動場所，我們把它整個蓋，這個就是多元的銀髮，又用照護設計的方式，熟齡社區幫忙樂齡住宅
307,0:11:57,0:11:59,侯友宜,因為電梯的問題,,
308,0:11:59,0:12:01,侯友宜,還有很多都市更新的速度太慢,,
309,0:12:01,0:12:03,侯友宜,所以如何去推動退休照顧社區,,
310,0:12:03,0:12:07,侯友宜,熟齡社區跟樂齡住宅,,
311,0:12:07,0:12:09,侯友宜,那用經濟可負擔的下,,
312,0:12:09,0:12:11,侯友宜,滿足多元的住房 多元的基礎需求,,
313,0:12:11,0:12:13,侯友宜,這當中要結合醫療機構,,
314,0:12:13,0:12:19,侯友宜,市場民間資源建立高齡友善的示範基地,,
315,0:12:19,0:12:21,侯友宜,像新北市,,
316,0:12:21,0:12:23,侯友宜,在我們的三重,,
317,0:12:23,0:12:25,侯友宜,要推這個,,
318,0:12:25,0:12:27,侯友宜,銀髮這個生活圈,,
319,0:12:27,0:12:29,侯友宜,一樣的,,
320,0:12:29,0:12:31,侯友宜,我們現在就在等審定以後,,
321,0:12:31,0:12:33,侯友宜,我們新北市就仿造新加坡,,
322,0:12:33,0:12:35,侯友宜,蓋一個多元性的銀髮住宅,,
323,0:12:35,0:12:37,侯友宜,那銀髮住宅裡面,,
324,0:12:37,0:12:39,侯友宜,在下面有商業區,,
325,0:12:39,0:12:41,侯友宜,也有運動場所,,
326,0:12:41,0:12:43,侯友宜,我們把它整個蓋,,
327,0:12:43,0:12:45,侯友宜,這個就是多元的銀髮,,
328,0:12:45,0:12:47,侯友宜,又用照護設計的方式,,
329,0:12:47,0:12:49,侯友宜,熟齡社區幫忙樂齡住宅,,
330,0:12:49,0:12:51,侯友宜,來把這個部分做好,,
331,0:12:51,0:12:53,侯友宜,至於公有地上閒的住宅,,至於公有地上閒的住宅，我們會參考新加坡，公宅的方式，來讓結婚青年，我們有排富條款，可以購買一般，一般住宅的市價的7成，地上權的跟一般買大概是市價的7成，然後使用權是70年，如果要賣，如果那一天你要賣掉的話，我們會延異，由政府造價收買，政府在開發起得的土地，在財務平衡底下，不得出手，並可推動地上權的住宅，現在就讓民間參與，像我們的抵費地，或是剋有剩餘的土地，我們就把它拿來蓋，我們的社會住宅，拿來蓋我們地上權的住宅，這個部分，就可以讓一般的青年朋友，來買那打7成
332,0:12:53,0:12:55,侯友宜,我們會參考新加坡,,
333,0:12:55,0:12:57,侯友宜,公宅的方式,,
334,0:12:57,0:12:59,侯友宜,來讓結婚青年,,
335,0:12:59,0:13:01,侯友宜,我們有排富條款,,
336,0:13:01,0:13:05,侯友宜,可以購買一般,,
337,0:13:05,0:13:09,侯友宜,一般住宅的市價的7成,,
338,0:13:09,0:13:13,侯友宜,地上權的跟一般買大概是市價的7成,,
339,0:13:13,0:13:15,侯友宜,然後使用權是70年,,
340,0:13:15,0:13:17,侯友宜,如果要賣,,
341,0:13:17,0:13:21,侯友宜,如果那一天你要賣掉的話,,
342,0:13:21,0:13:23,侯友宜,我們會延異,,
343,0:13:23,0:13:25,侯友宜,由政府造價收買,,
344,0:13:25,0:13:27,侯友宜,政府在開發起得的土地,,
345,0:13:27,0:13:29,侯友宜,在財務平衡底下,,
346,0:13:29,0:13:31,侯友宜,不得出手,,
347,0:13:31,0:13:33,侯友宜,並可推動地上權的住宅,,
348,0:13:33,0:13:35,侯友宜,現在就讓民間參與,,
349,0:13:35,0:13:37,侯友宜,像我們的抵費地,,
350,0:13:37,0:13:39,侯友宜,或是剋有剩餘的土地,,
351,0:13:39,0:13:41,侯友宜,我們就把它拿來蓋,,
352,0:13:41,0:13:43,侯友宜,我們的社會住宅,,
353,0:13:43,0:13:45,侯友宜,拿來蓋我們地上權的住宅,,
354,0:13:45,0:13:47,侯友宜,這個部分,,
355,0:13:47,0:13:49,侯友宜,就可以讓一般的青年朋友,,
356,0:13:49,0:13:51,侯友宜,來買那打7成,,
357,0:13:51,0:13:53,侯友宜,除了這個部分以外,,
358,0:13:53,0:13:55,侯友宜,還有幾個,,
359,0:13:55,0:13:57,侯友宜,育兒成家有住宅,,
360,0:13:57,0:13:59,侯友宜,因為現在少子化的問題,,因為現在少子化的問題，生了小孩以後，壓力都很大，所以我特別說，第一個 生了兩胎，以上的家庭要優先抽社會住宅，以購買地上權的住宅，這裡面要踩輪候制，然後讓大家都有機會，不要老是，一抽再抽都抽到同樣的人，那地上權的住宅，如果是你是，有二胎的，有兩個孩子的，那購買公有地上權的住宅價格，除了7折以外，再打8折，算一下7 8 56等於是5.6折，所以你生兩個小孩，你買地上權的公有住宅，就等於是5.6折，非常非常非常的便宜，等於是市價的一半，等於是一半，至於我們青年成家，在低利率的貸款，我們從1000萬就提升到1200萬，第三胎我上次已經報告過了，第三胎，排富條款，我們特別談到，夫妻一生一次百萬補貼，可用於購屋，或是換屋的頭期款，跟租屋來使用，那這部分我上次講，我再次提醒，青年要育兒要成家，我們要優先給他有房子住，所以這也是，我提出來這些政策，也希望大家能夠了解
361,0:13:59,0:14:01,侯友宜,生了小孩以後,,
362,0:14:01,0:14:03,侯友宜,壓力都很大,,
363,0:14:03,0:14:05,侯友宜,所以我特別說,,
364,0:14:05,0:14:07,侯友宜,第一個 生了兩胎,,
365,0:14:07,0:14:11,侯友宜,以上的家庭要優先抽社會住宅,,
366,0:14:11,0:14:13,侯友宜,以購買地上權的住宅,,
367,0:14:13,0:14:15,侯友宜,這裡面要踩輪候制,,
368,0:14:15,0:14:17,侯友宜,然後讓大家都有機會,,
369,0:14:17,0:14:19,侯友宜,不要老是,,
370,0:14:19,0:14:21,侯友宜,一抽再抽都抽到同樣的人,,
371,0:14:21,0:14:23,侯友宜,那地上權的住宅,,
372,0:14:23,0:14:25,侯友宜,如果是你是,,
373,0:14:25,0:14:27,侯友宜,有二胎的,,
374,0:14:27,0:14:29,侯友宜,有兩個孩子的,,
375,0:14:29,0:14:31,侯友宜,那購買公有地上權的住宅價格,,
376,0:14:31,0:14:33,侯友宜,除了7折以外,,
377,0:14:33,0:14:35,侯友宜,再打8折,,
378,0:14:35,0:14:37,侯友宜,算一下7 8 56等於是5.6折,,
379,0:14:37,0:14:39,侯友宜,所以你生兩個小孩,,
380,0:14:39,0:14:41,侯友宜,你買地上權的公有住宅,,
381,0:14:41,0:14:43,侯友宜,就等於是5.6折,,
382,0:14:43,0:14:45,侯友宜,非常非常非常的便宜,,
383,0:14:45,0:14:47,侯友宜,等於是市價的一半,,
384,0:14:47,0:14:49,侯友宜,等於是一半,,
385,0:14:49,0:14:51,侯友宜,至於我們青年成家,,
386,0:14:51,0:14:53,侯友宜,在低利率的貸款,,
387,0:14:53,0:14:55,侯友宜,我們從1000萬就提升到1200萬,,
388,0:14:55,0:14:57,侯友宜,第三胎我上次已經報告過了,,
389,0:14:57,0:14:59,侯友宜,第三胎,,
390,0:14:59,0:15:01,侯友宜,排富條款,,
391,0:15:01,0:15:03,侯友宜,我們特別談到,,
392,0:15:03,0:15:05,侯友宜,夫妻一生一次百萬補貼,,
393,0:15:05,0:15:07,侯友宜,可用於購屋,,
394,0:15:07,0:15:09,侯友宜,或是換屋的頭期款,,
395,0:15:09,0:15:11,侯友宜,跟租屋來使用,,
396,0:15:11,0:15:13,侯友宜,那這部分我上次講,,
397,0:15:13,0:15:15,侯友宜,我再次提醒,,
,,,侯友宜,青年要育兒要成家,,
398,0:15:15,0:15:17,侯友宜,我們要優先給他有房子住,,
399,0:15:17,0:15:19,侯友宜,所以這也是,,
400,0:15:19,0:15:21,侯友宜,我提出來這些政策,,
401,0:15:21,0:15:23,侯友宜,也希望大家能夠了解,,
402,0:15:23,0:15:25,侯友宜,當然還有一個很重要的,,
403,0:15:25,0:15:27,侯友宜,炒房,,
404,0:15:27,0:15:29,侯友宜,比如說遏止炒住房價,,
405,0:15:29,0:15:31,侯友宜,大家再看一個,,炒房，比如說遏止炒住房價，大家再看一個，一個房地產，或是看一個，住宅政策，大家都把它擺在，內政部早期是營建署，現在叫國土，國土署，那今天，這樣一個層級夠不夠，其實這裡面涉及到什麼問題，為什麼我要成立一個，院級的統籌，住宅計畫，在行政的層級設置，中央住宅委員會，來提出國家住宅的計畫，跟跨部會，來打炒房小組，請記得，所有的住宅政策，設立到的是租稅問題，經濟問題，社會發展問題，產業問題，這些是整個，跨部會要來做整合的，不是單一個早期的營建署，說了算，我們要用國家的長遠的計畫來看，甚至如果包括那個，小組的話國安議題也是在這個地方，所以其實看一個議題，不能單靠一個部會，一個部會去決定了所有的問題，很多事就做不成，所以我當選總統一定成立一個，中央住宅委員會，統籌各部會，面對所有的，多元住宅，要讓我們的，朋友能夠買得到，買得起 而且排得到，大家住得安心，這一定要做到 所以，這是我第一個
406,0:15:31,0:15:33,侯友宜,一個房地產,,
407,0:15:33,0:15:35,侯友宜,或是看一個,,
408,0:15:35,0:15:37,侯友宜,住宅政策,,
409,0:15:37,0:15:39,侯友宜,大家都把它擺在,,
410,0:15:39,0:15:41,侯友宜,內政部早期是營建署,,
411,0:15:41,0:15:43,侯友宜,現在叫國土,,
413,0:15:45,0:15:47,侯友宜,國土署,,
414,0:15:47,0:15:49,侯友宜,那今天,,
415,0:15:49,0:15:51,侯友宜,這樣一個層級夠不夠,,
416,0:15:51,0:15:53,侯友宜,其實這裡面涉及到什麼問題,,
417,0:15:53,0:15:55,侯友宜,為什麼我要成立一個,,
418,0:15:55,0:15:57,侯友宜,院級的統籌,,
419,0:15:57,0:15:59,侯友宜,住宅計畫,,
420,0:15:59,0:16:01,侯友宜,在行政的層級設置,,
421,0:16:01,0:16:03,侯友宜,中央住宅委員會,,
422,0:16:03,0:16:05,侯友宜,來提出國家住宅的計畫,,
423,0:16:05,0:16:07,侯友宜,跟跨部會,,
424,0:16:07,0:16:09,侯友宜,來打炒房小組,,
425,0:16:09,0:16:11,侯友宜,請記得,,
426,0:16:11,0:16:13,侯友宜,所有的住宅政策,,
427,0:16:13,0:16:15,侯友宜,設立到的是租稅問題,,
428,0:16:15,0:16:17,侯友宜,經濟問題,,
429,0:16:17,0:16:19,侯友宜,社會發展問題,,
430,0:16:19,0:16:21,侯友宜,產業問題,,
431,0:16:21,0:16:23,侯友宜,這些是整個,,
432,0:16:23,0:16:25,侯友宜,跨部會要來做整合的,,
433,0:16:25,0:16:27,侯友宜,不是單一個早期的營建署,,
434,0:16:27,0:16:29,侯友宜,說了算,,
435,0:16:29,0:16:31,侯友宜,我們要用國家的長遠的計畫來看,,
436,0:16:31,0:16:33,侯友宜,甚至如果包括那個,,
437,0:16:33,0:16:35,侯友宜,小組的話國安議題也是在這個地方,,
438,0:16:35,0:16:37,侯友宜,所以其實看一個議題,,
439,0:16:37,0:16:39,侯友宜,不能單靠一個部會,,
440,0:16:39,0:16:41,侯友宜,一個部會去決定了所有的問題,,
441,0:16:41,0:16:43,侯友宜,很多事就做不成,,
442,0:16:43,0:16:45,侯友宜,所以我當選總統一定成立一個,,
443,0:16:45,0:16:47,侯友宜,中央住宅委員會,,
444,0:16:47,0:16:49,侯友宜,統籌各部會,,
445,0:16:49,0:16:51,侯友宜,面對所有的,,
446,0:16:51,0:16:53,侯友宜,多元住宅,,
447,0:16:53,0:16:55,侯友宜,要讓我們的,,
448,0:16:55,0:16:57,侯友宜,朋友能夠買得到,,
449,0:16:57,0:16:59,侯友宜,買得起 而且排得到,,
450,0:16:59,0:17:01,侯友宜,大家住得安心,,
451,0:17:01,0:17:03,侯友宜,這一定要做到 所以,,
452,0:17:03,0:17:05,侯友宜,這是我第一個,,
453,0:17:05,0:17:07,侯友宜,我們用中央的層級來面對這樣一個挑戰,,
454,0:17:07,0:17:09,侯友宜,第二個,,
455,0:17:09,0:17:11,侯友宜,我特別要講漲價歸公,,這是我第一個，我們用中央的層級來面對這樣一個挑戰，第二個，我特別要講漲價歸公，要遏止炒作，這要重新檢討不動產交易，所得稅，來實踐漲價歸公的決心
456,0:17:11,0:17:13,侯友宜,要遏止炒作,,
457,0:17:13,0:17:15,侯友宜,這要重新檢討不動產交易,,
458,0:17:15,0:17:17,侯友宜,所得稅,,
459,0:17:17,0:17:19,侯友宜,來實踐漲價歸公的決心,,
460,0:17:19,0:17:21,侯友宜,第三個,,第三個，這個囤房課稅 大家都非常的關心，當然最重要是要稅積合理，所以，4戶以上的囤房課稅，以實價登入的價格，來重新計算，符合出租公寓，偏鄉都更或主管機關認定，等因素，德免繳其他的我們要重新，去做設算 所以這個會在，中央住宅委員會裡面，在稅積的部分我們再重新
461,0:17:21,0:17:23,侯友宜,這個囤房課稅 大家都非常的關心,,
462,0:17:23,0:17:25,侯友宜,當然最重要是要稅積合理,,
463,0:17:25,0:17:27,侯友宜,所以,,
464,0:17:27,0:17:29,侯友宜,4戶以上的囤房課稅,,
465,0:17:29,0:17:31,侯友宜,以實價登入的價格,,
466,0:17:31,0:17:33,侯友宜,來重新計算,,
467,0:17:33,0:17:35,侯友宜,符合出租公寓,,
468,0:17:35,0:17:37,侯友宜,偏鄉都更或主管機關認定,,
469,0:17:37,0:17:39,侯友宜,等因素,,
470,0:17:39,0:17:41,侯友宜,德免繳其他的我們要重新,,
471,0:17:41,0:17:43,侯友宜,去做設算 所以這個會在,,
472,0:17:43,0:17:45,侯友宜,中央住宅委員會裡面,,
473,0:17:45,0:17:47,侯友宜,在稅積的部分我們再重新,,
474,0:17:47,0:17:49,侯友宜,來做一個討論,,
475,0:17:49,0:17:51,侯友宜,第四個 專款專用,,住宅永續，所以所得專用宜住宅，政策 包含，新辦社會住宅以及，租金補貼，讓這些漲價歸公的好，或是囤房課稅的也好，那以及，跟我們住宅所有的，這些平台裡面讓這些，經費能夠再推動，社會住宅跟租金補貼，包括新辦就用這些，經費來幫大家推動，讓大家有一個完整的，一個經費來源給大家
476,0:17:51,0:17:53,侯友宜,住宅永續,,
477,0:17:53,0:17:55,侯友宜,所以所得專用宜住宅,,
478,0:17:55,0:17:57,侯友宜,政策 包含,,
479,0:17:57,0:17:59,侯友宜,新辦社會住宅以及,,
480,0:17:59,0:18:01,侯友宜,租金補貼,,
481,0:18:01,0:18:03,侯友宜,讓這些漲價歸公的好,,
482,0:18:03,0:18:05,侯友宜,或是囤房課稅的也好,,
483,0:18:05,0:18:07,侯友宜,那以及,,
484,0:18:07,0:18:09,侯友宜,跟我們住宅所有的,,
485,0:18:09,0:18:11,侯友宜,這些平台裡面讓這些,,
486,0:18:11,0:18:13,侯友宜,經費能夠再推動,,
487,0:18:13,0:18:15,侯友宜,社會住宅跟租金補貼,,
488,0:18:15,0:18:17,侯友宜,包括新辦就用這些,,
489,0:18:17,0:18:19,侯友宜,經費來幫大家推動,,
490,0:18:19,0:18:21,侯友宜,讓大家有一個完整的,,
491,0:18:21,0:18:23,侯友宜,一個經費來源給大家,,
492,0:18:23,0:18:25,侯友宜,可以比較安心,,
493,0:18:25,0:18:27,侯友宜,所以除了這三項以外,,
494,0:18:27,0:18:29,侯友宜,最重要的 都更升級要有,,最重要的 都更升級要有，保障 都更，很重要容積要更合理，因為30年以上，老屋太舊了，那老人家沒有電梯，那生活品質很低，尤其住在小巷子裡面，更辛苦 所以，我們要提出容積跟環境的需求，可以要給容積提高，而且加上合理的費用，在城市環境的改善，有時候容積提升的話你可以用，代繳回饋金的方式把它解決這個問題，所以容積管制一個，要放寬 然後容積獎勵，要放寬，讓大家願意都市更新，如果大家都不願意都市更新的話，都推不動，就現在也面臨了很多推不動的狀況，所以必須要提出來
495,0:18:29,0:18:31,侯友宜,保障 都更,,
496,0:18:31,0:18:33,侯友宜,很重要容積要更合理,,
497,0:18:33,0:18:35,侯友宜,因為30年以上,,
498,0:18:35,0:18:37,侯友宜,老屋太舊了,,
499,0:18:37,0:18:39,侯友宜,那老人家沒有電梯,,
500,0:18:39,0:18:41,侯友宜,那生活品質很低,,
501,0:18:41,0:18:43,侯友宜,尤其住在小巷子裡面,,
502,0:18:43,0:18:45,侯友宜,更辛苦 所以,,
503,0:18:45,0:18:47,侯友宜,我們要提出容積跟環境的需求,,
504,0:18:47,0:18:49,侯友宜,可以要給容積提高,,
505,0:18:49,0:18:51,侯友宜,而且加上合理的費用,,
506,0:18:51,0:18:53,侯友宜,在城市環境的改善,,
507,0:18:53,0:18:55,侯友宜,有時候容積提升的話你可以用,,
508,0:18:55,0:18:57,侯友宜,代繳回饋金的方式把它解決這個問題,,
509,0:18:57,0:18:59,侯友宜,所以容積管制一個,,
510,0:18:59,0:19:01,侯友宜,要放寬 然後容積獎勵,,
511,0:19:01,0:19:03,侯友宜,要放寬,,
512,0:19:03,0:19:05,侯友宜,讓大家願意都市更新,,
513,0:19:05,0:19:07,侯友宜,如果大家都不願意都市更新的話,,
514,0:19:07,0:19:09,侯友宜,都推不動,,
515,0:19:09,0:19:11,侯友宜,就現在也面臨了很多推不動的狀況,,
516,0:19:11,0:19:13,侯友宜,所以必須要提出來,,
517,0:19:13,0:19:15,侯友宜,容積要更合理,,
518,0:19:15,0:19:17,侯友宜,第二個 捷運有都更,,我廠商捷運到哪裡，都市更新做到哪裡，包括我們的接口越大越好，大樓可以蓋高一點，那當然，我們檢討在容積的，換寬的過程當中，一路上線並檢討現行的措施，把它重新再做一個檢討，那其實新北市現在做得最成功的，就是在我們捷運上面，全部再蓋整個，社會住宅也好，或是再蓋我們，所有的都市更新，分回來在TOD觀念裡面，蓋大樓讓大家就近，方便搭捷運，也可以讓環境，變得更好 就可以製造，可以減少很多的空污，所以可以減少使用大眾載具，減少使用私人載具，就可以用大眾載具
519,0:19:17,0:19:19,侯友宜,我廠商捷運到哪裡,,
520,0:19:19,0:19:21,侯友宜,都市更新做到哪裡,,
521,0:19:21,0:19:23,侯友宜,包括我們的接口越大越好,,
522,0:19:23,0:19:25,侯友宜,大樓可以蓋高一點,,
523,0:19:25,0:19:27,侯友宜,那當然,,
524,0:19:27,0:19:29,侯友宜,我們檢討在容積的,,
525,0:19:29,0:19:31,侯友宜,換寬的過程當中,,
526,0:19:31,0:19:33,侯友宜,一路上線並檢討現行的措施,,
527,0:19:33,0:19:35,侯友宜,把它重新再做一個檢討,,
528,0:19:35,0:19:37,侯友宜,那其實新北市現在做得最成功的,,
529,0:19:37,0:19:39,侯友宜,就是在我們捷運上面,,
530,0:19:39,0:19:41,侯友宜,全部再蓋整個,,
531,0:19:41,0:19:43,侯友宜,社會住宅也好,,
532,0:19:43,0:19:45,侯友宜,或是再蓋我們,,
533,0:19:45,0:19:47,侯友宜,所有的都市更新,,
534,0:19:47,0:19:49,侯友宜,分回來在TOD觀念裡面,,
535,0:19:49,0:19:51,侯友宜,蓋大樓讓大家就近,,
536,0:19:51,0:19:53,侯友宜,方便搭捷運,,
537,0:19:53,0:19:55,侯友宜,也可以讓環境,,
538,0:19:55,0:19:57,侯友宜,變得更好 就可以製造,,
539,0:19:57,0:19:59,侯友宜,可以減少很多的空污,,
540,0:19:59,0:20:01,侯友宜,所以可以減少使用大眾載具,,
541,0:20:01,0:20:03,侯友宜,減少使用私人載具,,
542,0:20:03,0:20:05,侯友宜,就可以用大眾載具,,
543,0:20:05,0:20:07,侯友宜,第三個最重要是防災,,防災的都更，因為防災，這些確實我們現在的舊有房子，已經都有30列以上甚至有50列以上，其實那個安全都有問題，所以如果，避免地質敏感地區，或是極端氣候所造成的災害，我們要整個去調高，防災住宅的，容積獎勵，我們也要大幅地提升，讓大家都更，升級又再創，另外一個大家願意都更的
544,0:20:07,0:20:09,侯友宜,防災的都更,,
545,0:20:09,0:20:11,侯友宜,因為防災,,
546,0:20:11,0:20:13,侯友宜,這些確實我們現在的舊有房子,,
547,0:20:13,0:20:15,侯友宜,已經都有30列以上甚至有50列以上,,
548,0:20:15,0:20:17,侯友宜,其實那個安全都有問題,,
549,0:20:17,0:20:19,侯友宜,所以如果,,
550,0:20:19,0:20:21,侯友宜,避免地質敏感地區,,
551,0:20:21,0:20:23,侯友宜,或是極端氣候所造成的災害,,
552,0:20:23,0:20:25,侯友宜,我們要整個去調高,,
553,0:20:25,0:20:27,侯友宜,防災住宅的,,
554,0:20:27,0:20:29,侯友宜,容積獎勵,,
555,0:20:29,0:20:31,侯友宜,我們也要大幅地提升,,
556,0:20:31,0:20:33,侯友宜,讓大家都更,,
557,0:20:33,0:20:35,侯友宜,升級又再創,,
558,0:20:35,0:20:37,侯友宜,另外一個大家願意都更的,,
559,0:20:37,0:20:39,侯友宜,這個力量,,
560,0:20:39,0:20:41,侯友宜,所以除了這個以外,,
561,0:20:41,0:20:43,侯友宜,這幾件事情就是,,
562,0:20:43,0:20:45,侯友宜,跟大家的居住正義也好,,
563,0:20:45,0:20:47,侯友宜,住宅政客都非常,,
564,0:20:47,0:20:49,侯友宜,有關係侯友宜在,,
565,0:20:49,0:20:51,侯友宜,新北市當了這麼多年,,
566,0:20:51,0:20:53,侯友宜,自己當了將近4年多的市長,,
567,0:20:53,0:20:55,侯友宜,我一定有魄力,,
568,0:20:55,0:20:57,侯友宜,有決心各位可以看到,,
569,0:20:57,0:20:59,侯友宜,塭仔圳50年不變,,
570,0:20:59,0:21:01,侯友宜,我們可以讓,,
571,0:21:01,0:21:03,侯友宜,塭仔圳又髒又亂,,
572,0:21:03,0:21:05,侯友宜,的一個溝渠,,
573,0:21:05,0:21:07,侯友宜,或是都市容貌,,
574,0:21:07,0:21:09,侯友宜,短短2年當多當中,,
575,0:21:09,0:21:11,侯友宜,跟大家協調,,
576,0:21:11,0:21:13,侯友宜,遷了4217家工廠,,
577,0:21:13,0:21:15,侯友宜,將近,,
578,0:21:15,0:21:17,侯友宜,有400公頃,,
579,0:21:17,0:21:19,侯友宜,未來可以蓋11座公園,,
580,0:21:19,0:21:21,侯友宜,蓋社會住宅未來可以蓋學校,,
581,0:21:21,0:21:23,侯友宜,讓一個都市更新,,
582,0:21:23,0:21:25,侯友宜,容貌翻轉,,
583,0:21:25,0:21:27,侯友宜,也可以讓捷運進到這裡面來,,
584,0:21:27,0:21:29,侯友宜,我有決心有魄力,,
585,0:21:29,0:21:31,侯友宜,解決大家的基礎問題,,
586,0:21:31,0:21:33,侯友宜,所以住宅政策很重要,,
587,0:21:33,0:21:35,侯友宜,侯友宜來當總統一定,,
588,0:21:35,0:21:37,侯友宜,會做到謝謝大家,,
589,0:21:37,0:21:39,主持人,謝謝謝謝我們的,,
590,0:21:39,0:21:41,主持人,侯市長這個有執行過,,
591,0:21:41,0:21:43,主持人,你就可以看出他的魄力完整的一個,,
592,0:21:43,0:21:45,主持人,規劃從新北開始就已經看到,,
593,0:21:45,0:21:47,主持人,成效更希望能夠有機會,,
594,0:21:47,0:21:49,主持人,給把它拓展到全國,,
595,0:21:49,0:21:51,主持人,那是我們最後請我們的專家學者,,
596,0:21:51,0:21:53,主持人,我們的孫正義孫教授為我們做最後的一個補充,,
597,0:21:53,0:21:57,孫教授,好 市長還有,,
598,0:21:57,0:21:59,孫教授,我們柯執行長還有各位,,
599,0:21:59,0:22:01,孫教授,現場的先進媒體朋友,,
600,0:22:01,0:22:03,孫教授,大家早安,,
601,0:22:03,0:22:05,孫教授,在,,
602,0:22:05,0:22:07,孫教授,這個住宅政策對,,
603,0:22:07,0:22:09,孫教授,國家是一個非常重要的,,
604,0:22:09,0:22:11,孫教授,一個國安問題那我們常,,
605,0:22:11,0:22:13,孫教授,講這個,,
606,0:22:13,0:22:15,孫教授,住宅其實是一種選擇,,
607,0:22:15,0:22:17,孫教授,那選擇又比努力更重要,,
608,0:22:17,0:22:19,孫教授,所以其實住宅政策是,,
609,0:22:19,0:22:21,孫教授,重中之重,,
610,0:22:21,0:22:23,孫教授,一般民眾來講,,
611,0:22:23,0:22:25,孫教授,我們台灣房屋自,,
612,0:22:25,0:22:27,孫教授,有率大概百分之將近百分之八十,,
613,0:22:27,0:22:29,孫教授,所以這是一個非常困難,,
614,0:22:29,0:22:31,孫教授,的決定也就是說,,
615,0:22:31,0:22:33,孫教授,這個力道下的重會影響,,
616,0:22:33,0:22:35,孫教授,到既有的房屋的這百分之八十的人,,
617,0:22:35,0:22:37,孫教授,可是針對於,,
618,0:22:37,0:22:39,孫教授,還沒有房屋的這些百分之二十的人,,
619,0:22:39,0:22:41,孫教授,如果他選擇要購買,,
620,0:22:41,0:22:43,孫教授,房子或者是要租房子的話,,
621,0:22:43,0:22:45,孫教授,那政府應該要有給他們,,
622,0:22:45,0:22:47,孫教授,選擇的權利這也是我們,,
623,0:22:47,0:22:49,孫教授,在產官學研NGO,,
624,0:22:49,0:22:51,孫教授,所聽到最普遍的一個,,
625,0:22:51,0:22:53,孫教授,聲音就是,,
626,0:22:53,0:22:55,孫教授,至少要讓人民有選擇,,
627,0:22:55,0:22:57,孫教授,的權利,,
628,0:22:57,0:22:59,孫教授,一個政府基本上要願意,,
629,0:22:59,0:23:01,孫教授,傾聽然後要了解,,
630,0:23:01,0:23:03,孫教授,甚至要有能力去解決,,
631,0:23:03,0:23:05,孫教授,民眾的問題所以,,
632,0:23:05,0:23:07,孫教授,選擇聽或者是跟,,
633,0:23:07,0:23:09,孫教授,一般的民眾NGO各代表,,
634,0:23:09,0:23:11,孫教授,去交換意見是非常重要的,,
635,0:23:11,0:23:13,孫教授,一件事情那把它擬去政策,,
636,0:23:13,0:23:15,孫教授,然後具體的來宣示,,
637,0:23:15,0:23:17,孫教授,那我相信剛剛侯市長所,,
638,0:23:17,0:23:19,孫教授,提的這些內容已經,,
639,0:23:19,0:23:21,孫教授,可以簡介了,,
640,0:23:21,0:23:23,孫教授,在今天的主題裡面,,
641,0:23:23,0:23:25,孫教授,關於住宅或設宅的部分,,
642,0:23:25,0:23:27,孫教授,有所謂的能不能,,
643,0:23:27,0:23:29,孫教授,排得到能不能,,
644,0:23:29,0:23:31,孫教授,買得起或者是能不能,,
645,0:23:31,0:23:33,孫教授,住得好這幾個問題,,
646,0:23:33,0:23:35,孫教授,就像這個IOS,,
647,0:23:35,0:23:37,孫教授,或是崔媽媽基金會或是,,
648,0:23:37,0:23:39,孫教授,最近我們成立的這個,,
649,0:23:39,0:23:41,孫教授,租客聯盟其實大家在主張,,
650,0:23:41,0:23:43,孫教授,就租的部分也是希望,,
651,0:23:43,0:23:45,孫教授,租得到租得起租得好,,
652,0:23:45,0:23:47,孫教授,這樣子的理念基本上是,,
653,0:23:47,0:23:49,孫教授,相輔相成不謀而合的,,
654,0:23:49,0:23:51,孫教授,其實在,,
655,0:23:51,0:23:53,孫教授,剛剛提到的有幾塊,,
656,0:23:53,0:23:55,孫教授,就是過去,,
657,0:23:55,0:23:57,孫教授,就政府而言比較困難,,
658,0:23:57,0:23:59,孫教授,碰觸或者是比較敏感的像,,
659,0:23:59,0:24:01,孫教授,囤房稅的部分,,
660,0:24:01,0:24:03,孫教授,像這個實價,,
661,0:24:03,0:24:05,孫教授,登錄我們現在目前是,,
662,0:24:05,0:24:07,孫教授,這個買賣的實價登錄,,
663,0:24:07,0:24:09,孫教授,已經上路這是房價,,
664,0:24:09,0:24:11,孫教授,透明化非常重要的一點,,
665,0:24:11,0:24:13,孫教授,但是租金的實價登錄還集訓努力,,
666,0:24:13,0:24:15,孫教授,這也是業界,,
667,0:24:15,0:24:17,孫教授,一直還有這個NGO一直大家,,
668,0:24:17,0:24:19,孫教授,要push的再加上,,
669,0:24:19,0:24:21,孫教授,這個設宅的輪候制,,
670,0:24:21,0:24:23,孫教授,這個也是非常重要那今天,,
671,0:24:23,0:24:25,孫教授,我們也看到了多元設宅,,
672,0:24:25,0:24:27,孫教授,的一個方案包含從,,
673,0:24:27,0:24:29,孫教授,市地重劃整體開發區段,,
674,0:24:29,0:24:31,孫教授,徵收甚至企業,,
675,0:24:31,0:24:33,孫教授,在工業區所或是科學,,
676,0:24:33,0:24:35,孫教授,園區所提供的這個職宅,,
677,0:24:35,0:24:37,孫教授,的部分,,
678,0:24:37,0:24:39,孫教授,都相當的去符合其實我們,,
679,0:24:39,0:24:41,孫教授,都市計劃法裡面針對於,,
680,0:24:41,0:24:43,孫教授,市區的建設以前就有國宅,,
681,0:24:43,0:24:45,孫教授,甚至是廉價或,,
682,0:24:45,0:24:47,孫教授,低價住宅的這個設計,,
683,0:24:47,0:24:49,孫教授,但是漸漸國家的發展,,
684,0:24:49,0:24:51,孫教授,就有點忽略或忘記這一塊,,
685,0:24:51,0:24:53,孫教授,其實能夠保障民眾,,
686,0:24:53,0:24:55,孫教授,可以有一個在地,,
687,0:24:55,0:24:57,孫教授,就養在地就職在地,,
688,0:24:57,0:24:59,孫教授,就學的環境其實很符合,,
689,0:24:59,0:25:01,孫教授,我們現在講的ESG的整體的概念,,
690,0:25:01,0:25:03,孫教授,台灣的民眾有一個好處,,
691,0:25:03,0:25:05,孫教授,我們可以決定未來,,
692,0:25:05,0:25:07,孫教授,而且我們可以決定未來的總統,,
693,0:25:07,0:25:09,孫教授,所以投票,,
694,0:25:09,0:25:11,孫教授,我們往往只能投出一個喜好,,
695,0:25:11,0:25:13,孫教授,可是經過不同,,
696,0:25:13,0:25:15,孫教授,的候選人的政策跟,,
697,0:25:15,0:25:17,孫教授,政見以及政績,,
698,0:25:17,0:25:19,孫教授,是可以確定我們的喜好的,,
699,0:25:19,0:25:21,孫教授,所以一個候選,,
700,0:25:21,0:25:23,孫教授,團隊的態度他必須開放,,
701,0:25:23,0:25:25,孫教授,包容所以住宅政策,,
702,0:25:25,0:25:27,孫教授,具體而言他不是,,
703,0:25:27,0:25:29,孫教授,一個政府就能夠完全,,
704,0:25:29,0:25:31,孫教授,決定的一個政策他必須跟,,
705,0:25:31,0:25:33,孫教授,業界因為我們絕大部分的住宅,,
706,0:25:33,0:25:35,孫教授,都是業界蓋出來即便是公宅,,
707,0:25:35,0:25:37,孫教授,跟社宅也是,,
708,0:25:37,0:25:39,孫教授,所以必須要跟業界去,,
709,0:25:39,0:25:41,孫教授,做溝通交流以及,,
710,0:25:41,0:25:43,孫教授,跟整個住宅的,,
711,0:25:43,0:25:45,孫教授,一個產業,,
712,0:25:45,0:25:47,孫教授,去達到一個整體的一個評估,,
713,0:25:47,0:25:49,孫教授,跟對話那也跟官界,,
714,0:25:49,0:25:51,孫教授,跟學界甚至跟NGO,,
715,0:25:51,0:25:53,孫教授,有一個共同的平台所以我們,,
716,0:25:53,0:25:55,孫教授,相信剛剛市長所提的,,
717,0:25:55,0:25:57,孫教授,這個中央層級的一個住宅委員會,,
718,0:25:57,0:25:59,孫教授,一定會納入,,
719,0:25:59,0:26:01,孫教授,這些產官學,,
720,0:26:01,0:26:03,孫教授,研NGO的這樣子的一個,,
721,0:26:03,0:26:05,孫教授,角色共同來決定,,
722,0:26:05,0:26:07,孫教授,共同來解決我們住宅問題,,
723,0:26:07,0:26:09,孫教授,所以態度很重要,,
724,0:26:09,0:26:11,孫教授,這個就是一個態度的展現,,
725,0:26:11,0:26:13,孫教授,我本身也是新北市的市民,,
726,0:26:13,0:26:15,孫教授,在新北市的眾多,,
727,0:26:15,0:26:17,孫教授,的這樣建設我們也看到,,
728,0:26:17,0:26:19,孫教授,這個團隊的執行能力跟,,
729,0:26:19,0:26:21,孫教授,這個執行決策的,,
730,0:26:21,0:26:23,孫教授,決心所以市政,,
731,0:26:23,0:26:25,孫教授,大概國家政策大概是一棒接,,
732,0:26:25,0:26:27,孫教授,一棒那當到2024年,,
733,0:26:27,0:26:29,孫教授,的時候即將有,,
734,0:26:29,0:26:31,孫教授,輪替的一個狀態的話那我們,,
735,0:26:31,0:26:33,孫教授,也相信可以選出一個比較,,
736,0:26:33,0:26:35,孫教授,有決心態度也是正確,,
737,0:26:35,0:26:37,孫教授,然後也能包容各界意見,,
738,0:26:37,0:26:39,孫教授,的一個團隊以上就是,,
739,0:26:39,0:26:41,孫教授,針對我們今天看到的,,
740,0:26:41,0:26:43,孫教授,的一個政策說簡單,,
741,0:26:43,0:26:45,孫教授,的補充說明謝謝,,
742,0:26:45,0:26:47,柯志恩,好非常謝謝我們的孫教授,,
743,0:26:47,0:26:49,柯志恩,那接下來我們開放媒體,,
744,0:26:49,0:26:51,柯志恩,來做一個提問我們,,
745,0:26:51,0:26:53,柯志恩,是不是開始針對這個住宅,,
746,0:26:53,0:26:55,柯志恩,的政策大家有沒有什麼意義,,
747,0:26:55,0:26:57,柯志恩,來,,
748,0:26:57,0:27:01,記者,華視提問,,
749,0:27:01,0:27:03,記者,針對剛剛市長有提到說,,
750,0:27:03,0:27:05,記者,可以在內科興建這個,,
751,0:27:05,0:27:07,記者,企業勞工宅,,
752,0:27:07,0:27:09,記者,那又怎麼就是說,,
753,0:27:09,0:27:11,記者,來鼓勵這些員工能夠原地上班,,
754,0:27:11,0:27:13,記者,然後願意就地居住,,
755,0:27:13,0:27:15,記者,另外這個企業勞工宅有沒有可能,,
756,0:27:15,0:27:17,記者,有炒房的疑慮,,
757,0:27:17,0:27:19,侯友宜,好這個,,
758,0:27:19,0:27:21,侯友宜,問得很好,,
759,0:27:21,0:27:23,侯友宜,企業勞工宅主租,,
760,0:27:23,0:27:25,侯友宜,不賣,,
761,0:27:25,0:27:27,侯友宜,不可以賣,,
762,0:27:27,0:27:29,侯友宜,他蓋的就是要給你們的,,
763,0:27:29,0:27:31,侯友宜,員工來居住,,
764,0:27:31,0:27:33,侯友宜,並不是來賣的,,
765,0:27:33,0:27:35,侯友宜,所以這個我們是有限制的,,
766,0:27:35,0:27:37,侯友宜,所以為了要照,,
767,0:27:37,0:27:39,侯友宜,企業你要照顧勞工,,
768,0:27:39,0:27:41,侯友宜,照顧你的員工你就不行,,
769,0:27:41,0:27:43,侯友宜,在這樣一個條件,,
770,0:27:43,0:27:45,侯友宜,底下所以蓋幾個大樓,,
771,0:27:45,0:27:47,侯友宜,是只會租沒有賣,,
772,0:27:47,0:27:49,侯友宜,好所以請放心,,
773,0:27:49,0:27:51,主持人,好謝謝還有沒有,,
774,0:27:51,0:27:53,記者,那另外就想問一下,,
775,0:27:53,0:27:55,記者,就是因為為了政黨輪替,,
776,0:27:55,0:27:57,記者,現在有年輕人說就是不同民進黨,,
777,0:27:57,0:27:59,記者,而昨天賴清德在海大,,
778,0:27:59,0:28:01,記者,演講的時候呢就遭到學生,,
779,0:28:01,0:28:03,記者,提問說他的政策得過且過,,
780,0:28:03,0:28:05,記者,不是一個總統候選人,,
781,0:28:05,0:28:07,記者,該有的一個態度,,
782,0:28:07,0:28:09,記者,而民進黨現在青年票正在流失,,
783,0:28:09,0:28:11,主持人,侯市長今天提出的政策就是要吸引年輕人嗎,,
784,0:28:11,0:28:13,主持人,沒關係這個問題,,
785,0:28:13,0:28:15,主持人,我們可以等一下,,
786,0:28:15,0:28:17,主持人,第一個讓市長來回應,,
787,0:28:17,0:28:19,主持人,我們先根據住宅好不好我們照往例一下,,
788,0:28:19,0:28:21,記者,市長想請教一下,,
789,0:28:21,0:28:23,記者,就是剛剛有提到這個青年低低貸款,,
790,0:28:23,0:28:25,記者,的部分啊那因為現在,,
791,0:28:25,0:28:27,記者,也有一個青年低低貸款就是,,
792,0:28:27,0:28:29,記者,也是拉高了這個貸款的額度跟他繳款,,
793,0:28:29,0:28:31,記者,年限但是呢他是,,
794,0:28:31,0:28:33,記者,被批評說這個抑制房價,,
795,0:28:33,0:28:35,記者,的效果不彰然後導致,,
796,0:28:35,0:28:37,記者,整個買賣增加某種程度,,
797,0:28:37,0:28:39,記者,也像是變相的鼓勵炒房,,
798,0:28:39,0:28:41,記者,甚至被批評說是為建商,,
799,0:28:41,0:28:43,記者,解套那市長怎麼看,,
800,0:28:43,0:28:45,記者,另外第二個就是說呢,,
801,0:28:45,0:28:47,記者,因為現在台灣的房屋自由率其實,,
802,0:28:47,0:28:49,記者,比較高的那過度的打房可能,,
803,0:28:49,0:28:51,記者,會造成經濟衝擊,,
804,0:28:51,0:28:53,記者,這部分我們有什麼,,
805,0:28:53,0:28:55,記者,因應高房價的解套還有剛剛有一個,,
806,0:28:55,0:28:57,記者,地上權的部分因為現在台灣人的,,
807,0:28:57,0:28:59,記者,觀念其實還是有土,,
808,0:28:59,0:29:01,記者,私有財的觀念非常的,,
809,0:29:01,0:29:03,記者,重會認為說買房就是,,
810,0:29:03,0:29:05,記者,應該買到房子跟土地,,
811,0:29:05,0:29:07,記者,那推地上權可能,,
812,0:29:07,0:29:09,記者,會不利一些長期,,
813,0:29:09,0:29:11,記者,持有的人你怎麼看,,
814,0:29:11,0:29:13,侯友宜,所以剛剛問題問題,,
815,0:29:13,0:29:15,侯友宜,非常好因為一個,,
816,0:29:15,0:29:17,侯友宜,住宅的一個政策,,
817,0:29:17,0:29:19,侯友宜,絕對不是一個內政部,,
818,0:29:19,0:29:21,侯友宜,所要定出來的一個方向,,
819,0:29:21,0:29:23,侯友宜,他必須要考慮很多一個面向,,
820,0:29:23,0:29:25,侯友宜,房地產也是一個經濟產業的,,
821,0:29:25,0:29:27,侯友宜,龍頭,,
822,0:29:27,0:29:29,侯友宜,那經濟產業的龍頭涉及到,,
823,0:29:29,0:29:31,侯友宜,很多他必須要面臨的,,
824,0:29:31,0:29:33,侯友宜,勞動成本,,
825,0:29:33,0:29:35,侯友宜,包括他的,,
826,0:29:35,0:29:37,侯友宜,物料以及,,
827,0:29:37,0:29:39,侯友宜,包括他興建的方式,,
828,0:29:39,0:29:41,侯友宜,所以其實他也是一個經濟產業,,
829,0:29:41,0:29:43,侯友宜,所以剛剛我們的,,
830,0:29:43,0:29:45,侯友宜,孫教授在講了,,
831,0:29:45,0:29:47,侯友宜,我成立一個中央,,
832,0:29:47,0:29:49,侯友宜,住宅委員會一定是,,
833,0:29:49,0:29:51,侯友宜,產官學,,
834,0:29:51,0:29:53,侯友宜,那產業協的聲音,,
835,0:29:53,0:29:55,侯友宜,我一定非常的重視,,
836,0:29:55,0:29:57,侯友宜,所以為什麼我把,,
837,0:29:57,0:29:59,侯友宜,很多政策裡面我都說,,
838,0:29:59,0:30:01,侯友宜,回到中央住宅委員會,,
839,0:30:01,0:30:03,侯友宜,讓產業界進來 企業界進來,,
840,0:30:03,0:30:05,侯友宜,大家一起討論,,
841,0:30:05,0:30:07,侯友宜,所以剛剛你講了說這個,,
842,0:30:07,0:30:09,侯友宜,低利率的貸款,,
843,0:30:09,0:30:11,侯友宜,會不會造成,,
844,0:30:11,0:30:13,侯友宜,年輕人還是趕不上房價,,
845,0:30:13,0:30:15,侯友宜,甚至變成在炒房,,
846,0:30:15,0:30:17,侯友宜,這個我一定會考慮在,,
847,0:30:17,0:30:19,侯友宜,這裡面我們房子,,
848,0:30:19,0:30:21,侯友宜,不是金融的只有,,
849,0:30:21,0:30:23,侯友宜,衍生品而已,,
850,0:30:23,0:30:25,侯友宜,我們要考慮的是說大家,,
851,0:30:25,0:30:27,侯友宜,都可以排得到,,
852,0:30:27,0:30:29,侯友宜,也可以買得起,,
853,0:30:29,0:30:31,侯友宜,當然在整個房地產,,
854,0:30:31,0:30:33,侯友宜,我們要給他一定的合理,,
855,0:30:33,0:30:35,侯友宜,利潤這個都是,,
856,0:30:35,0:30:37,侯友宜,要各面向來考慮的,,
857,0:30:37,0:30:39,侯友宜,所以有關這些,,
858,0:30:39,0:30:41,侯友宜,問題都會一併在中央,,
859,0:30:41,0:30:43,侯友宜,住宅委員會裡面一起討論,,
860,0:30:43,0:30:45,侯友宜,所以包括稅基,,
861,0:30:45,0:30:47,侯友宜,包括地上權大家也慢慢,,
862,0:30:47,0:30:49,侯友宜,會改變一個觀念地上權,,
863,0:30:49,0:30:51,侯友宜,所以70年你也不是說,,
864,0:30:51,0:30:53,侯友宜,你不能賣等你,,
865,0:30:53,0:30:55,侯友宜,賺到一定的錢你也可以賣,,
866,0:30:55,0:30:57,侯友宜,賣以後政府,,
867,0:30:57,0:30:59,侯友宜,就照價買回,,
868,0:30:59,0:31:01,侯友宜,那你可以再去買其他的,,
869,0:31:01,0:31:03,侯友宜,你要擁有的住宅所以以,,
870,0:31:03,0:31:05,侯友宜,地上權的住宅對你來講,,
871,0:31:05,0:31:07,侯友宜,現在是便宜可以先買,,
872,0:31:07,0:31:09,侯友宜,可以先住居住環境好,,
873,0:31:09,0:31:11,侯友宜,你就可以先買多一項選擇,,
874,0:31:11,0:31:13,侯友宜,這就是一個我們的方式,,
875,0:31:13,0:31:15,主持人,而且現在觀念都在改變,,
876,0:31:15,0:31:17,主持人,在我那個年代我賺的錢都存起來,,
877,0:31:17,0:31:19,主持人,在你們這個年代你們賺的錢,,
878,0:31:19,0:31:21,主持人,會存起來所以說,,
879,0:31:21,0:31:23,主持人,是不是一定要買房隨著時代的改變,,
880,0:31:23,0:31:25,主持人,每個人都不斷在做觀念上的調整,,
881,0:31:25,0:31:27,主持人,還有沒有,,
882,0:31:27,0:31:29,主持人,還有,,
883,0:31:29,0:31:31,記者,我想問一下就是之前民進黨,,
884,0:31:31,0:31:33,記者,有提到地上,,
885,0:31:33,0:31:35,記者,對,,
886,0:31:35,0:31:37,記者,有很多的討論,,
887,0:31:37,0:31:39,記者,但是有專家認為說,,
888,0:31:39,0:31:41,記者,這其實在投資,,
889,0:31:41,0:31:43,記者,跟收租的角度來看其實是,,
890,0:31:43,0:31:45,記者,可以供可以退可以守的,,
891,0:31:45,0:31:47,記者,但是長期住或是長期,,
892,0:31:47,0:31:49,記者,持有的話大家其實要三思,,
893,0:31:49,0:31:51,記者,那這個要怎麼去,,
894,0:31:51,0:31:53,記者,杜絕可能有心人士,,
895,0:31:53,0:31:55,記者,把他買來然後我再去租給別人,,
896,0:31:55,0:31:57,記者,反而讓這個房價持續,,
897,0:31:57,0:31:59,記者,炒高那大家還是買不到,,
898,0:31:59,0:32:01,記者,房子OK,,
899,0:32:01,0:32:03,侯友宜,這個部分的話其實,,
900,0:32:03,0:32:05,侯友宜,這只是一個多元的選擇,,
901,0:32:05,0:32:07,侯友宜,但是在整個中央,,
902,0:32:07,0:32:09,侯友宜,住宅裡面我們去訂,,
903,0:32:09,0:32:11,侯友宜,你買賣的過程當中,,
904,0:32:11,0:32:13,侯友宜,我們一定會,,
905,0:32:13,0:32:15,侯友宜,有一些限制性,,
906,0:32:15,0:32:17,侯友宜,那這些限制性會在中央住宅委員會裡面,,
907,0:32:17,0:32:19,侯友宜,去做詳細討論,,
908,0:32:19,0:32:21,侯友宜,如果各位需要補充我會請我們的,,
909,0:32:21,0:32:23,侯友宜,孫老師再補充這一點,,
910,0:32:23,0:32:25,孫教授,好謝謝,,
911,0:32:25,0:32:27,孫教授,我稍微回應一下這個問題,,
912,0:32:27,0:32:29,孫教授,其實我們一直在談論的是,,
913,0:32:29,0:32:31,孫教授,政府要讓青年,,
914,0:32:31,0:32:33,孫教授,或者是任何族群有住的選擇,,
915,0:32:33,0:32:35,孫教授,這件事情,,
916,0:32:35,0:32:37,孫教授,目前在市面上有很多,,
917,0:32:37,0:32:39,孫教授,的類似不同,,
918,0:32:39,0:32:41,孫教授,渠道的住宅產品,,
919,0:32:41,0:32:43,孫教授,包含我們熟悉的買斷,,
920,0:32:43,0:32:45,孫教授,又或者是出租,,
921,0:32:45,0:32:47,孫教授,甚至是公辦的出租宅,,
922,0:32:47,0:32:49,孫教授,就是社宅地上權也是,,
923,0:32:49,0:32:51,孫教授,另外一種產品那我們知道這種產品,,
924,0:32:51,0:32:53,孫教授,它的好處就是價格稍微會,,
925,0:32:53,0:32:55,孫教授,低廉可是隨著他的,,
926,0:32:55,0:32:57,孫教授,權利的,,
927,0:32:57,0:32:59,孫教授,遞減價值可能會下降,,
928,0:32:59,0:33:01,孫教授,所以消費者要買的時候,,
929,0:33:01,0:33:03,孫教授,本來就要考慮這一點,,
930,0:33:03,0:33:05,孫教授,可是回到政府的角色我們是希望,,
931,0:33:05,0:33:07,孫教授,讓民眾有住的選擇,,
932,0:33:07,0:33:09,孫教授,所以地上權它,,
933,0:33:09,0:33:11,孫教授,有好有壞可是至少它比市價,,
934,0:33:11,0:33:13,孫教授,買斷型的住宅是相對便宜的,,
935,0:33:13,0:33:15,孫教授,至於說,,
936,0:33:15,0:33:17,孫教授,如果政府來興辦這些地上權,,
937,0:33:17,0:33:19,孫教授,就成為我們剛剛市長所提的,,
938,0:33:19,0:33:21,孫教授,我們當然就是以他自住為主,,
939,0:33:21,0:33:23,孫教授,所以如果政府很辛苦,,
940,0:33:23,0:33:25,孫教授,的又這個,,
941,0:33:25,0:33:27,孫教授,建造了這些地上權的住宅,,
942,0:33:27,0:33:29,孫教授,那他先去買了,,
943,0:33:29,0:33:31,孫教授,再拿來租的話其實不符合,,
944,0:33:31,0:33:33,孫教授,我們政策的原址,,
945,0:33:33,0:33:35,孫教授,所以民眾,,
946,0:33:35,0:33:37,孫教授,到底是要買還是要租,,
947,0:33:37,0:33:39,孫教授,或者是買來出租,,
948,0:33:39,0:33:41,孫教授,成為一種這個所謂的,,
949,0:33:41,0:33:43,孫教授,他的,,
950,0:33:43,0:33:45,孫教授,財務上的一個,,
951,0:33:45,0:33:47,孫教授,工具這個我們都尊重,,
952,0:33:47,0:33:49,孫教授,可是政府興辦的部分要努力,,
953,0:33:49,0:33:51,孫教授,的部分就是讓民眾有租的,,
954,0:33:51,0:33:53,孫教授,住的權利或是租的權利,,
955,0:33:53,0:33:55,孫教授,所以在這個部分一定會回到,,
956,0:33:55,0:33:57,孫教授,自住為主 那有一些細節,,
957,0:33:57,0:33:59,孫教授,價格等等就成為我們,,
958,0:33:59,0:34:01,孫教授,剛剛市長所說的 就會由委員會,,
959,0:34:01,0:34:03,孫教授,召開產官學員,,
960,0:34:03,0:34:05,孫教授,甚至NGO大家一起,,
961,0:34:05,0:34:07,孫教授,來討論一個合理的價格,,
962,0:34:07,0:34:09,孫教授,跟合理的機制 好 以上,,
963,0:34:09,0:34:11,孫教授,非常謝謝 那我們接下來就是開放,,
964,0:34:11,0:34:13,孫教授,我們的一些政治性的一個問題,,
965,0:34:13,0:34:15,孫教授,我們回應剛剛就是有關,,